{
		"__class__": "feng3d.GameObject",
		"children": [
			{
				"__class__": "feng3d.GameObject",
				"children": [],
				"components": [
					null,
					null,
					{
						"__class__": "feng3d.Transform",
						"y": 1,
						"z": -10
					},
					{
						"__class__": "feng3d.Camera",
						"lens": {
							"__class__": "feng3d.PerspectiveLens",
							"aspectRatio": 1,
							"coordinateSystem": 0,
							"far": 10000,
							"fieldOfView": 60,
							"near": 0.1
						}
					}],
				"name": "Main Camera"
			},
			null,
			{
				"__class__": "feng3d.GameObject",
				"children": [
					null,
					null],
				"components": [
					{
						"__class__": "feng3d.Transform",
						"rx": 50,
						"ry": -30,
						"y": 3
					},
					null,
					null,
					{
						"__class__": "feng3d.DirectionalLight",
						"castsShadows": false,
						"color": {
							"__class__": "feng3d.Color3"
						},
						"intensity": 1,
						"lightType": 1
					},
					null],
				"name": "DirectionalLight"
			}],
		"components": [
			null,
			null,
			{
				"__class__": "feng3d.Transform"
			},
			{
				"__class__": "feng3d.Scene3D",
				"ambientColor": {
					"__class__": "feng3d.Color4",
					"b": 0.4,
					"g": 0.4,
					"r": 0.4
				},
				"background": {
					"__class__": "feng3d.Color4",
					"b": 0.4,
					"g": 0.4,
					"r": 0.4
				}
			}],
		"name": "default"
	}
