{
	"__class__": "feng3d.GameObject",
	"name": "terrain",
	"children": [
		{
			"__class__": "feng3d.GameObject",
			"name": "Main Camera",
			"components": [
				null,
				{
					"__class__": "feng3d.Transform",
					"y": 1,
					"z": -10
				},
				{
					"__class__": "feng3d.Camera",
					"lens": {
						"__class__": "feng3d.PerspectiveLens",
						"near": 0.1,
						"aspectRatio": 1.1085714285714285
					}
				},
				{
					"__class__": "feng3d.FPSController"
				}]
		},
		{
			"__class__": "feng3d.GameObject",
			"name": "DirectionalLight",
			"children": [
				null,
				null],
			"components": [
				null,
				{
					"__class__": "feng3d.Transform",
					"y": 3,
					"rx": 50,
					"ry": -30
				},
				{
					"__class__": "feng3d.DirectionalLight",
					"lightType": 1,
					"intensity": 0.5
				},
				null]
		},
		{
			"__class__": "feng3d.GameObject",
			"name": "cube",
			"components": [
				null,
				{
					"__class__": "feng3d.Transform",
					"z": -0.04581
				},
				{
					"__class__": "feng3d.MeshRenderer",
					"geometry": {
						"__class__": "feng3d.CubeGeometry"
					},
					"material": {
						"__class__": "feng3d.Material",
						"shaderName": "NewShader",
						"uniforms": {
							"__class__": "NewShaderUniforms",
							"u_color": {
								"r": 0.058823529411764705,
								"a": 0.9411764705882353
							}
						}
					}
				}]
		},
		null],
	"components": [
		null,
		{
			"__class__": "feng3d.Transform"
		},
		{
			"__class__": "feng3d.Scene3D",
			"background": {
				"r": 0.408,
				"g": 0.38,
				"b": 0.357
			},
			"ambientColor": {
				"r": 0.4,
				"g": 0.4,
				"b": 0.4
			}
		}]
}