{
	"hideFlags": 64,
	"name": "Untitled",
	"children": [
		{
			"name": "Main Camera",
			"components": [
				{
					"y": 1,
					"z": -10
				},
				{
					"__class__": "feng3d.Camera"
				},
				{
					"__class__": "feng3d.AudioListener"
				}],
			"__class__": "feng3d.GameObject"
		},
		{
			"name": "DirectionalLight",
			"components": [
				{
					"y": 3,
					"rx": 50,
					"ry": -30
				},
				{
					"shadowType": 1,
					"__class__": "feng3d.DirectionalLight"
				}],
			"__class__": "feng3d.GameObject"
		},
		{
			"name": "cube",
			"components": [
				null,
				{
					"material": {
						"__class__": "feng3d.Material",
						"assetId": "D930ECA4-F6CE-4DD4-806D-536765CC15C6"
					},
					"__class__": "feng3d.MeshModel"
				}],
			"__class__": "feng3d.GameObject"
		}],
	"components": [
		{
			"hideFlags": 3
		},
		{
			"background": {
				"r": 0.408,
				"g": 0.38,
				"b": 0.357
			},
			"ambientColor": {
				"r": 0.4,
				"g": 0.4,
				"b": 0.4
			},
			"__class__": "feng3d.Scene3D"
		}],
	"__class__": "feng3d.GameObject"
}