{
	"hideFlags": 64,
	"name": "Untitled",
	"children": [
		{
			"name": "Main Camera",
			"components": [
				null,
				{
					"__class__": "feng3d.Camera"
				},
				{
					"__class__": "feng3d.AudioListener"
				},
				{
					"__class__": "feng3d.FPSController"
				}],
			"__class__": "feng3d.GameObject"
		},
		{
			"name": "DirectionalLight",
			"components": [
				{
					"y": 3,
					"rx": 50,
					"ry": -30
				},
				{
					"shadowType": 1,
					"__class__": "feng3d.DirectionalLight"
				}],
			"__class__": "feng3d.GameObject"
		},
		{
			"name": "sphere",
			"components": [
				null,
				{
					"geometry": {
						"hideFlags": 8,
						"assetId": "Sphere",
						"__class__": "feng3d.SphereGeometry"
					},
					"__class__": "feng3d.MeshModel"
				},
				{
					"url": "Assets/10.mp3",
					"__class__": "feng3d.AudioSource"
				},
				{
					"scriptName": "NewScript",
					"scriptInstance": {
						"__class__": "NewScript"
					},
					"__class__": "feng3d.ScriptComponent"
				}],
			"__class__": "feng3d.GameObject"
		}],
	"components": [
		{
			"hideFlags": 3
		},
		{
			"background": {
				"r": 0.408,
				"g": 0.38,
				"b": 0.357
			},
			"ambientColor": {
				"r": 0.4,
				"g": 0.4,
				"b": 0.4
			},
			"__class__": "feng3d.Scene3D"
		}],
	"__class__": "feng3d.GameObject"
}