{
	"hideFlags": 64,
	"name": "Untitled",
	"children": [
		{
			"name": "Main Camera",
			"components": [
				{
					"y": 1,
					"z": -10
				},
				{
					"__class__": "feng3d.Camera"
				},
				{
					"__class__": "feng3d.AudioListener"
				}],
			"__class__": "feng3d.GameObject"
		},
		{
			"name": "DirectionalLight",
			"components": [
				{
					"y": 3,
					"rx": 50,
					"ry": -30
				},
				{
					"shadowType": 1,
					"__class__": "feng3d.DirectionalLight"
				}],
			"__class__": "feng3d.GameObject"
		},
		{
			"name": "Water",
			"components": [
				null,
				{
					"material": {
						"__class__": "feng3d.Material",
						"assetId": "F43CC38E-E6F1-426B-A40B-B30D363D7233"
					},
					"__class__": "feng3d.Water"
				}],
			"__class__": "feng3d.GameObject"
		}],
	"components": [
		{
			"hideFlags": 3
		},
		{
			"background": {
				"r": 0.2784,
				"g": 0.2784,
				"b": 0.2784
			},
			"ambientColor": {
				"r": 0.4,
				"g": 0.4,
				"b": 0.4
			},
			"__class__": "feng3d.Scene"
		},
		{
			"__class__": "CANNON.PhysicsWorld"
		}],
	"__class__": "feng3d.GameObject"
}