{
	"__class__": "feng3d.GameObject",
	"name": "Untitled",
	"children": [
		{
			"__class__": "feng3d.GameObject",
			"name": "Main Camera",
			"components": [
				null,
				{
					"__class__": "feng3d.Transform",
					"y": 1,
					"z": -10
				},
				{
					"__class__": "feng3d.Camera",
					"lens": {
						"__class__": "feng3d.PerspectiveLens",
						"aspectRatio": 1.1085714285714285
					}
				},
				{
					"__class__": "feng3d.AudioListener"
				}]
		},
		{
			"__class__": "feng3d.GameObject",
			"name": "DirectionalLight",
			"children": [
				null,
				null],
			"components": [
				null,
				{
					"__class__": "feng3d.Transform",
					"y": 3,
					"rx": 50,
					"ry": -30
				},
				{
					"__class__": "feng3d.DirectionalLight",
					"lightType": 1
				},
				null]
		},
		{
			"__class__": "feng3d.GameObject",
			"name": "water",
			"components": [
				null,
				{
					"__class__": "feng3d.Transform"
				},
				{
					"__class__": "feng3d.Water",
					"material": {
						"uniforms": {
							"u_waterColor": {
								"r": 1,
								"g": 1,
								"b": 1
							},
							"s_normalSampler": {
								"url": "Assets/waternormals.jpg"
							}
						}
					}
				}]
		},
		null],
	"components": [
		null,
		{
			"__class__": "feng3d.Transform"
		},
		{
			"__class__": "feng3d.Scene3D",
			"background": {
				"r": 0.408,
				"g": 0.38,
				"b": 0.357
			},
			"ambientColor": {
				"r": 0.4,
				"g": 0.4,
				"b": 0.4
			}
		}]
}