{
	"__class__": "feng3d.GameObject",
	"name": "Untitled",
	"children": [
		{
			"__class__": "feng3d.GameObject",
			"name": "Main Camera",
			"components": [
				null,
				{
					"__class__": "feng3d.Transform",
					"y": 1,
					"z": -10
				},
				{
					"__class__": "feng3d.Camera",
					"lens": {
						"__class__": "feng3d.PerspectiveLens",
						"aspect": 1.1085714285714285
					}
				},
				{
					"__class__": "feng3d.AudioListener"
				},
				{
					"__class__": "feng3d.FPSController"
				}]
		},
		{
			"__class__": "feng3d.GameObject",
			"name": "DirectionalLight",
			"components": [
				null,
				{
					"__class__": "feng3d.Transform",
					"x": -0.75355,
					"y": 5.045192,
					"z": 1.305188,
					"rx": 50,
					"ry": -30
				},
				{
					"__class__": "feng3d.DirectionalLight",
					"color": {
						"r": 0.7411764705882353,
						"g": 0.2,
						"b": 0.6745098039215687
					},
					"shadowType": 1
				}]
		},
		{
			"__class__": "feng3d.GameObject",
			"name": "plane",
			"components": [
				null,
				{
					"__class__": "feng3d.Transform"
				},
				{
					"__class__": "feng3d.MeshRenderer",
					"geometry": {
						"__class__": "feng3d.PlaneGeometry",
						"width": 10,
						"height": 10
					},
					"material": {
						"__class__": "feng3d.Material"
					}
				}]
		},
		{
			"__class__": "feng3d.GameObject",
			"name": "sphere",
			"components": [
				null,
				{
					"__class__": "feng3d.Transform",
					"x": -0.522398,
					"y": 1.875043,
					"z": 0.276054
				},
				{
					"__class__": "feng3d.MeshRenderer",
					"geometry": {
						"__class__": "feng3d.SphereGeometry"
					},
					"material": {
						"__class__": "feng3d.Material"
					}
				}]
		},
		{
			"__class__": "feng3d.GameObject",
			"name": "SpotLight",
			"components": [
				null,
				{
					"__class__": "feng3d.Transform",
					"y": 7.806491,
					"z": -0.059863,
					"rx": 90
				},
				{
					"__class__": "feng3d.SpotLight",
					"color": {
						"r": 0.9411764705882353,
						"g": 0.5764705882352941,
						"b": 0.8196078431372549
					},
					"shadowType": 1,
					"range": 11,
					"angle": 30
				}]
		},
		{
			"__class__": "feng3d.GameObject",
			"name": "cube",
			"components": [
				null,
				{
					"__class__": "feng3d.Transform",
					"x": -0.49201,
					"y": 3.233763,
					"z": -0.247589
				},
				{
					"__class__": "feng3d.MeshRenderer",
					"geometry": {
						"__class__": "feng3d.CubeGeometry"
					},
					"material": {
						"__class__": "feng3d.Material"
					}
				}]
		},
		{
			"__class__": "feng3d.GameObject",
			"name": "PointLight",
			"components": [
				null,
				{
					"__class__": "feng3d.Transform",
					"x": -1.13547,
					"y": 7.162687,
					"z": -1.130221
				},
				{
					"__class__": "feng3d.PointLight",
					"shadowType": 2
				}]
		}],
	"components": [
		null,
		{
			"__class__": "feng3d.Transform"
		},
		{
			"__class__": "feng3d.Scene3D",
			"background": {
				"r": 0.408,
				"g": 0.38,
				"b": 0.357
			},
			"ambientColor": {
				"r": 0.4,
				"g": 0.4,
				"b": 0.4
			}
		}]
}