{
	"hideFlags": 64,
	"name": "Untitled",
	"children": [
		{
			"name": "Main Camera",
			"components": [
				{
					"y": 5,
					"z": -10,
					"rx": 25
				},
				{
					"__class__": "feng3d.Camera"
				},
				{
					"__class__": "feng3d.AudioListener"
				},
				{
					"__class__": "feng3d.FPSController"
				}],
			"__class__": "feng3d.GameObject"
		},
		{
			"name": "DirectionalLight",
			"components": [
				{
					"y": 3,
					"rx": 90,
					"ry": -30
				},
				{
					"shadowType": 1,
					"__class__": "feng3d.DirectionalLight"
				}],
			"__class__": "feng3d.GameObject"
		},
		{
			"name": "Plane",
			"components": [
				{
					"y": -0.2
				},
				{
					"geometry": {
						"name": "New PlaneGeometry",
						"assetId": "73C0C064-1C52-4467-9BB2-BDA26B793D41",
						"scaleU": 2,
						"scaleV": 2,
						"width": 10,
						"height": 10,
						"__class__": "feng3d.PlaneGeometry"
					},
					"material": {
						"__class__": "feng3d.Material",
						"assetId": "1944B31C-444E-4A49-AD08-E1C974BA4611"
					},
					"__class__": "feng3d.MeshRenderer"
				},
				{
					"__class__": "CANNON.PlaneCollider"
				},
				{
					"__class__": "CANNON.Rigidbody"
				}],
			"__class__": "feng3d.GameObject"
		},
		{
			"name": "Sphere",
			"components": [
				{
					"x": 3,
					"y": 1.6,
					"z": 3
				},
				{
					"geometry": {
						"name": "New SphereGeometry",
						"assetId": "0D3B7C9D-41E2-4B7D-8900-14234EEE3AD5",
						"radius": 1.5,
						"segmentsW": 40,
						"segmentsH": 20,
						"__class__": "feng3d.SphereGeometry"
					},
					"material": {
						"__class__": "feng3d.Material",
						"assetId": "A8BB0FFA-744B-44FB-B933-9FFA1B5BF8C4"
					},
					"__class__": "feng3d.MeshRenderer"
				},
				{
					"__class__": "CANNON.SphereCollider"
				},
				{
					"__class__": "CANNON.Rigidbody"
				}],
			"__class__": "feng3d.GameObject"
		},
		{
			"name": "Cube",
			"components": [
				{
					"x": 3,
					"y": 1.6,
					"z": -2.5
				},
				{
					"geometry": {
						"__class__": "feng3d.CubeGeometry",
						"assetId": "6FF0BF04-1586-486E-B647-F26794B2CB63"
					},
					"material": {
						"__class__": "feng3d.Material",
						"assetId": "CC129C8E-F742-4279-A9F2-2246AA2FFEDC"
					},
					"__class__": "feng3d.MeshRenderer"
				},
				{
					"__class__": "CANNON.BoxCollider"
				},
				{
					"__class__": "CANNON.Rigidbody"
				}],
			"__class__": "feng3d.GameObject"
		},
		{
			"name": "Torus",
			"components": [
				{
					"x": -2.5,
					"y": 1.6,
					"z": -2.5
				},
				{
					"geometry": {
						"name": "New TorusGeometry",
						"assetId": "581EFE0E-300B-45F0-B0BF-DA81B320C27A",
						"scaleU": 10,
						"scaleV": 5,
						"radius": 1.5,
						"tubeRadius": 0.6,
						"segmentsR": 40,
						"segmentsT": 20,
						"__class__": "feng3d.TorusGeometry"
					},
					"material": {
						"__class__": "feng3d.Material",
						"assetId": "5D3C1E28-C544-4E05-9E67-D35E164CB6A2"
					},
					"__class__": "feng3d.MeshRenderer"
				}],
			"__class__": "feng3d.GameObject"
		},
		{
			"name": "Directional light",
			"components": [
				{
					"rx": 30
				},
				{
					"color": {
						"r": 0
					},
					"intensity": 0.7,
					"shadowType": 3,
					"__class__": "feng3d.DirectionalLight"
				},
				{
					"scriptName": "NewScript",
					"scriptInstance": {
						"__class__": "NewScript"
					},
					"__class__": "feng3d.ScriptComponent"
				}],
			"__class__": "feng3d.GameObject"
		}],
	"components": [
		{
			"hideFlags": 3
		},
		{
			"background": {
				"r": 0.2784,
				"g": 0.2784,
				"b": 0.2784
			},
			"ambientColor": {
				"r": 0.4,
				"g": 0.4,
				"b": 0.4
			},
			"__class__": "feng3d.Scene"
		},
		{
			"__class__": "CANNON.PhysicsWorld"
		}],
	"__class__": "feng3d.GameObject"
}