{
	"hideFlags": 64,
	"name": "Untitled",
	"children": [
		{
			"name": "Main Camera",
			"components": [
				{
					"y": 5,
					"z": -10,
					"rx": 24.957331
				},
				{
					"__class__": "feng3d.Camera"
				},
				{
					"__class__": "feng3d.AudioListener"
				},
				{
					"__class__": "feng3d.FPSController"
				}],
			"__class__": "feng3d.GameObject"
		},
		{
			"name": "DirectionalLight",
			"components": [
				{
					"y": 3,
					"rx": 90,
					"ry": -30
				},
				{
					"intensity": 0.7,
					"shadowType": 1,
					"__class__": "feng3d.DirectionalLight"
				}],
			"__class__": "feng3d.GameObject"
		},
		{
			"name": "plane",
			"components": [
				{
					"y": -0.2
				},
				{
					"geometry": {
						"name": "New PlaneGeometry",
						"assetId": "7D134D40-EB31-4EEA-80C7-1698BEEEA8BE",
						"scaleU": 2,
						"scaleV": 2,
						"width": 10,
						"height": 10,
						"__class__": "feng3d.PlaneGeometry"
					},
					"material": {
						"__class__": "feng3d.Material",
						"assetId": "A147726D-5861-462B-B9FF-178D730059D3"
					},
					"__class__": "feng3d.MeshModel"
				}],
			"__class__": "feng3d.GameObject"
		},
		{
			"name": "sphere",
			"components": [
				{
					"x": 3,
					"y": 1.6,
					"z": 3
				},
				{
					"geometry": {
						"name": "New SphereGeometry",
						"assetId": "6813BC6B-5880-4E9E-933D-F17456E697A2",
						"radius": 1.5,
						"segmentsW": 40,
						"segmentsH": 20,
						"__class__": "feng3d.SphereGeometry"
					},
					"material": {
						"__class__": "feng3d.Material",
						"assetId": "1507924E-6337-454C-8235-ADD86BBCB517"
					},
					"__class__": "feng3d.MeshModel"
				}],
			"__class__": "feng3d.GameObject"
		},
		{
			"name": "cube",
			"components": [
				{
					"x": 3,
					"y": 1.6,
					"z": -2.5
				},
				{
					"geometry": {
						"__class__": "feng3d.CubeGeometry",
						"assetId": "3C415269-C888-4149-8D83-19C02C72ECA7"
					},
					"material": {
						"__class__": "feng3d.Material",
						"assetId": "A79AC79C-D251-41AA-BB7A-7112421DDFA1"
					},
					"__class__": "feng3d.MeshModel"
				}],
			"__class__": "feng3d.GameObject"
		},
		{
			"name": "Torus",
			"components": [
				{
					"x": -2.5,
					"y": 1.6,
					"z": -2.5
				},
				{
					"geometry": {
						"name": "New TorusGeometry",
						"assetId": "63CB7565-0969-4721-A47C-E77D55C2BD7E",
						"scaleU": 10,
						"scaleV": 5,
						"radius": 1.5,
						"tubeRadius": 0.6,
						"segmentsR": 40,
						"segmentsT": 20,
						"__class__": "feng3d.TorusGeometry"
					},
					"material": {
						"__class__": "feng3d.Material",
						"assetId": "DB3239E8-0A11-41D5-9A78-C2A83668CBEC"
					},
					"__class__": "feng3d.MeshModel"
				}],
			"__class__": "feng3d.GameObject"
		},
		{
			"name": "DirectionalLight",
			"components": [
				{
					"rx": 30
				},
				{
					"color": {
						"r": 0
					},
					"intensity": 0.7,
					"__class__": "feng3d.DirectionalLight"
				},
				{
					"scriptName": "NewScript",
					"scriptInstance": {
						"__class__": "NewScript"
					},
					"__class__": "feng3d.ScriptComponent"
				}],
			"__class__": "feng3d.GameObject"
		}],
	"components": [
		{
			"hideFlags": 3
		},
		{
			"background": {
				"r": 0.408,
				"g": 0.38,
				"b": 0.357
			},
			"ambientColor": {
				"r": 0.4,
				"g": 0.4,
				"b": 0.3843137254901961,
				"a": 0.14901960784313725
			},
			"__class__": "feng3d.Scene3D"
		}],
	"__class__": "feng3d.GameObject"
}