[
	{
		"assetPath": "Assets",
		"assetId": "D46FB3EA-9446-43B9-8B88-7171BDC213ED",
		"__class__": "feng3d.FolderAsset"
	},
	{
		"assetPath": "Assets/trinket_normal.jpg",
		"assetId": "03024A31-8567-4E8C-946E-4554F670ADA0",
		"__class__": "feng3d.TextureAsset"
	},
	{
		"assetPath": "Assets/trinket_specular.jpg",
		"assetId": "7BC05C90-87A4-402D-B630-AB44D9270856",
		"__class__": "feng3d.TextureAsset"
	},
	{
		"assetPath": "Assets/weave_diffuse.jpg",
		"assetId": "E502A9F1-5AE9-4DC4-861F-8C7A853BB254",
		"__class__": "feng3d.TextureAsset"
	},
	{
		"assetPath": "Assets/weave_normal.jpg",
		"assetId": "A3D41425-A5DE-4D25-9F03-E9F94AB72E7A",
		"__class__": "feng3d.TextureAsset"
	},
	{
		"assetPath": "Assets/beachball_diffuse.jpg",
		"assetId": "FD523CA6-ABE8-4C6B-B139-9C81A46E8136",
		"__class__": "feng3d.TextureAsset"
	},
	{
		"assetPath": "Assets/beachball_specular.jpg",
		"assetId": "D636D540-4DDE-4626-80DA-12FB3735AE7F",
		"__class__": "feng3d.TextureAsset"
	},
	{
		"assetPath": "Assets/floor_diffuse.jpg",
		"assetId": "813F2F0E-FAF6-437E-8839-2342BC00D2FB",
		"__class__": "feng3d.TextureAsset"
	},
	{
		"assetPath": "Assets/floor_normal.jpg",
		"assetId": "4A9E0311-A6AB-4241-B29F-03A0601B5865",
		"__class__": "feng3d.TextureAsset"
	},
	{
		"assetPath": "Assets/floor_specular.jpg",
		"assetId": "9AEED796-B3E5-4D57-9DA3-EFE847087F03",
		"__class__": "feng3d.TextureAsset"
	},
	{
		"assetPath": "Assets/trinket_diffuse.jpg",
		"assetId": "E5DD71DD-C425-4CCA-AC6D-5876E5D90804",
		"__class__": "feng3d.TextureAsset"
	},
	{
		"assetPath": "Assets/New CubeGeometry.json",
		"assetId": "6FF0BF04-1586-486E-B647-F26794B2CB63",
		"__class__": "feng3d.GeometryAsset"
	},
	{
		"assetPath": "Assets/New PlaneGeometry.json",
		"assetId": "73C0C064-1C52-4467-9BB2-BDA26B793D41",
		"__class__": "feng3d.GeometryAsset"
	},
	{
		"assetPath": "Assets/New SphereGeometry.json",
		"assetId": "0D3B7C9D-41E2-4B7D-8900-14234EEE3AD5",
		"__class__": "feng3d.GeometryAsset"
	},
	{
		"assetPath": "Assets/New TorusGeometry.json",
		"assetId": "581EFE0E-300B-45F0-B0BF-DA81B320C27A",
		"__class__": "feng3d.GeometryAsset"
	},
	{
		"assetPath": "Assets/New Material.json",
		"assetId": "1944B31C-444E-4A49-AD08-E1C974BA4611",
		"__class__": "feng3d.MaterialAsset"
	},
	{
		"assetPath": "Assets/New Material1.json",
		"assetId": "A8BB0FFA-744B-44FB-B933-9FFA1B5BF8C4",
		"__class__": "feng3d.MaterialAsset"
	},
	{
		"assetPath": "Assets/New Material2.json",
		"assetId": "CC129C8E-F742-4279-A9F2-2246AA2FFEDC",
		"__class__": "feng3d.MaterialAsset"
	},
	{
		"assetPath": "Assets/New Material3.json",
		"assetId": "5D3C1E28-C544-4E05-9E67-D35E164CB6A2",
		"__class__": "feng3d.MaterialAsset"
	},
	{
		"assetPath": "Assets/NewScript.ts",
		"assetId": "72D2CE4F-2353-4D67-834C-B78A338233A1",
		"__class__": "feng3d.ScriptAsset"
	}]