{
	"assetId": "D7033391-7A58-49D5-AC6F-DC623744E4F0",
	"assetPath": "Assets",
	"childrenAssets": [
		{
			"assetId": "4B59FE9B-8823-4330-9939-A6746D709787",
			"assetPath": "Assets/weave_normal.jpg",
			"__class__": "feng3d.TextureAsset"
		},
		{
			"assetId": "D204DAFD-5272-4EA2-AC8A-E2AE49A02261",
			"assetPath": "Assets/floor_diffuse.jpg",
			"__class__": "feng3d.TextureAsset"
		},
		{
			"assetId": "9D1F6CD5-6C16-4BFA-95DE-CED0A1C88029",
			"assetPath": "Assets/floor_normal.jpg",
			"__class__": "feng3d.TextureAsset"
		},
		{
			"assetId": "C673D9B4-CF1A-4885-9750-06A1A13BAE52",
			"assetPath": "Assets/floor_specular.jpg",
			"__class__": "feng3d.TextureAsset"
		},
		{
			"assetId": "FD73AE0D-AC72-4637-A0D2-88902DBAD7B1",
			"assetPath": "Assets/trinket_diffuse.jpg",
			"__class__": "feng3d.TextureAsset"
		},
		{
			"assetId": "83F5EC49-643F-4922-B094-7885820B34A6",
			"assetPath": "Assets/trinket_normal.jpg",
			"__class__": "feng3d.TextureAsset"
		},
		{
			"assetId": "17485454-F9EA-4636-85C6-7D97803D9A38",
			"assetPath": "Assets/trinket_specular.jpg",
			"__class__": "feng3d.TextureAsset"
		},
		{
			"assetId": "8A192E3F-77BE-4489-A263-C0BC02DEAFE1",
			"assetPath": "Assets/weave_diffuse.jpg",
			"__class__": "feng3d.TextureAsset"
		},
		{
			"assetId": "7D134D40-EB31-4EEA-80C7-1698BEEEA8BE",
			"assetPath": "Assets/New PlaneGeometry.json",
			"__class__": "feng3d.GeometryAsset"
		},
		{
			"assetId": "A147726D-5861-462B-B9FF-178D730059D3",
			"assetPath": "Assets/New Material.json",
			"__class__": "feng3d.MaterialAsset"
		},
		{
			"assetId": "6813BC6B-5880-4E9E-933D-F17456E697A2",
			"assetPath": "Assets/New SphereGeometry.json",
			"__class__": "feng3d.GeometryAsset"
		},
		{
			"assetId": "1507924E-6337-454C-8235-ADD86BBCB517",
			"assetPath": "Assets/New Material1.json",
			"__class__": "feng3d.MaterialAsset"
		},
		{
			"assetId": "BAA047AE-914E-423A-A429-82F481D5E061",
			"assetPath": "Assets/beachball_specular.jpg",
			"__class__": "feng3d.TextureAsset"
		},
		{
			"assetId": "C97E80E1-67F9-4119-818E-B5A67163D9BA",
			"assetPath": "Assets/beachball_diffuse.jpg",
			"__class__": "feng3d.TextureAsset"
		},
		{
			"assetId": "3C415269-C888-4149-8D83-19C02C72ECA7",
			"assetPath": "Assets/New CubeGeometry.json",
			"__class__": "feng3d.GeometryAsset"
		},
		{
			"assetId": "A79AC79C-D251-41AA-BB7A-7112421DDFA1",
			"assetPath": "Assets/New Material2.json",
			"__class__": "feng3d.MaterialAsset"
		},
		{
			"assetId": "63CB7565-0969-4721-A47C-E77D55C2BD7E",
			"assetPath": "Assets/New TorusGeometry.json",
			"__class__": "feng3d.GeometryAsset"
		},
		{
			"assetId": "DB3239E8-0A11-41D5-9A78-C2A83668CBEC",
			"assetPath": "Assets/New Material3.json",
			"__class__": "feng3d.MaterialAsset"
		},
		{
			"assetId": "7F485A98-FF30-4426-AEA1-41E63A6A1795",
			"assetPath": "Assets/NewScript.ts",
			"__class__": "feng3d.ScriptAsset"
		}],
	"__class__": "feng3d.FolderAsset"
}