{
	"__class__": "feng3d.GameObject",
	"name": "Terrain",
	"components": [
		null,
		{
			"__class__": "feng3d.Transform"
		},
		{
			"__class__": "feng3d.Terrain",
			"geometry": {
				"heightMapUrl": "Assets/terrain/terrain_heights.jpg"
			},
			"material": {
				"uniforms": {
					"s_diffuse": {
						"url": "Assets/terrain/terrain_diffuse.jpg"
					},
					"s_normal": {
						"url": "Assets/terrain/terrain_normals.jpg"
					},
					"s_splatTexture1": {
						"url": "Assets/terrain/beach.jpg"
					},
					"s_splatTexture2": {
						"url": "Assets/terrain/grass.jpg"
					},
					"s_splatTexture3": {
						"url": "Assets/terrain/rock.jpg"
					},
					"s_blendTexture": {
						"url": "Assets/terrain/terrain_splats.png"
					},
					"u_splatRepeats": {
						"y": 50,
						"z": 50,
						"w": 50
					}
				}
			}
		}]
}