{
	"name": "new TextureCube",
	"assetId": "2BD4F7DD-DAED-4350-89C0-2B1D5D8D3B6D",
	"rawData": {
		"type": "texture",
		"textures": [
			{
				"__class__": "feng3d.Texture2D",
				"assetId": "396E33C7-59B2-4D58-B5AD-CA57BC4886CC"
			},
			{
				"__class__": "feng3d.Texture2D",
				"assetId": "EDAB9A5A-6D3E-469A-8B2D-B5965E44A5F2"
			},
			{
				"__class__": "feng3d.Texture2D",
				"assetId": "6552CD87-9503-45FD-B6A4-7F0B99F54431"
			},
			{
				"__class__": "feng3d.Texture2D",
				"assetId": "E6C76BC2-194C-456B-9F28-CD57ACBA6F49"
			},
			{
				"__class__": "feng3d.Texture2D",
				"assetId": "C98E6AA3-ED7C-40B9-B59E-0B7D756C4ABB"
			},
			{
				"__class__": "feng3d.Texture2D",
				"assetId": "BA1A79FA-6AE5-4665-8255-7D96D3E7741D"
			}]
	},
	"__class__": "feng3d.TextureCube"
}