{
	"name": "new TextureCube",
	"assetId": "54E9CAA6-2DF9-4AF7-81AC-97089A2180AE",
	"rawData": {
		"type": "texture",
		"textures": [
			{
				"__class__": "feng3d.Texture2D",
				"assetId": "C4CA3670-30DC-48F1-8774-77CEC07ECCFD"
			},
			{
				"__class__": "feng3d.Texture2D",
				"assetId": "26A21B02-EE3A-458D-860E-DF939229CED4"
			},
			{
				"__class__": "feng3d.Texture2D",
				"assetId": "BC4BE7A4-E7F8-4EE0-9A65-C5F4E3AB1CC4"
			},
			{
				"__class__": "feng3d.Texture2D",
				"assetId": "C81EE7F2-B78A-4815-AD4E-2D19F5122E12"
			},
			{
				"__class__": "feng3d.Texture2D",
				"assetId": "A145DFE4-5DDD-47E4-A1A2-52C76531AC31"
			},
			{
				"__class__": "feng3d.Texture2D",
				"assetId": "D57B647C-1B83-4B18-B1D9-61BAEDB45839"
			}]
	},
	"__class__": "feng3d.TextureCube"
}