{
	"name": "New Material",
	"assetId": "6005DB8E-6E66-45F7-8240-41448B060A99",
	"shaderName": "terrain",
	"uniforms": {
		"s_diffuse": {
			"__class__": "feng3d.Texture2D",
			"assetId": "CCBE9453-B382-4D6D-9E8F-CC97F2D76B88"
		},
		"s_normal": {
			"__class__": "feng3d.Texture2D",
			"assetId": "E6218DC0-AA19-41AB-BF37-76231030E366"
		},
		"s_envMap": {
			"__class__": "feng3d.TextureCube",
			"assetId": "54E9CAA6-2DF9-4AF7-81AC-97089A2180AE"
		},
		"u_fogDensity": 0.02,
		"s_splatTexture1": {
			"__class__": "feng3d.Texture2D",
			"assetId": "E7010B0A-5C90-4372-9B4B-8B4AE1C1261F"
		},
		"s_splatTexture2": {
			"__class__": "feng3d.Texture2D",
			"assetId": "7A893160-3A79-4CD4-8132-A88E37FC698F"
		},
		"s_splatTexture3": {
			"__class__": "feng3d.Texture2D",
			"assetId": "276632EF-95B2-400B-BFE2-113ACDF07E08"
		},
		"s_blendTexture": {
			"__class__": "feng3d.Texture2D",
			"assetId": "004D1823-7D69-47A7-98F0-423EF9FA2C13"
		},
		"u_splatRepeats": {
			"y": 50,
			"z": 50,
			"w": 50
		},
		"__class__": "feng3d.TerrainUniforms"
	},
	"__class__": "feng3d.Material"
}