{
	"name": "New Material",
	"assetId": "043BA48F-2816-466E-9BBF-D5E6576019E8",
	"shaderName": "terrain",
	"uniforms": {
		"s_diffuse": {
			"__class__": "feng3d.Texture2D",
			"assetId": "C9A85CA2-F9F3-4107-B1B8-2CD9D56BEDDD"
		},
		"s_normal": {
			"__class__": "feng3d.Texture2D",
			"assetId": "B1EC0EDF-39F3-47A6-9DBE-212B24D462F9"
		},
		"u_fogDensity": 0.02,
		"u_fogMode": 2,
		"s_splatTexture1": {
			"__class__": "feng3d.Texture2D",
			"assetId": "7BA69483-ADCF-47B6-96E2-EC8A678A855C"
		},
		"s_splatTexture2": {
			"__class__": "feng3d.Texture2D",
			"assetId": "B267C281-A38C-496A-9FA2-CD03371AF1C9"
		},
		"s_splatTexture3": {
			"__class__": "feng3d.Texture2D",
			"assetId": "412C5852-2297-41FE-8D8A-C328E11C2F46"
		},
		"s_blendTexture": {
			"__class__": "feng3d.Texture2D",
			"assetId": "1537F867-DCF4-4552-BE4E-82FC5ECCB44C"
		},
		"u_splatRepeats": {
			"y": 50,
			"z": 50,
			"w": 50
		},
		"__class__": "feng3d.TerrainUniforms"
	},
	"__class__": "feng3d.Material"
}