{
	"hideFlags": 64,
	"name": "Untitled",
	"children": [
		{
			"name": "Main Camera",
			"components": [
				{
					"y": 5,
					"rx": 15
				},
				{
					"__class__": "feng3d.Camera"
				},
				{
					"__class__": "feng3d.AudioListener"
				},
				{
					"__class__": "feng3d.FPSController"
				}],
			"__class__": "feng3d.GameObject"
		},
		{
			"name": "DirectionalLight",
			"components": [
				{
					"y": 3,
					"rx": 50,
					"ry": -30
				},
				{
					"shadowType": 1,
					"__class__": "feng3d.DirectionalLight"
				}],
			"__class__": "feng3d.GameObject"
		},
		{
			"name": "Terrain",
			"components": [
				{
					"sx": 10,
					"sy": 10,
					"sz": 10
				},
				{
					"geometry": {
						"__class__": "feng3d.TerrainGeometry",
						"assetId": "8CD95407-2D9C-4B13-B089-B6084FD6AB71"
					},
					"material": {
						"__class__": "feng3d.Material",
						"assetId": "043BA48F-2816-466E-9BBF-D5E6576019E8"
					},
					"__class__": "feng3d.Terrain"
				}],
			"__class__": "feng3d.GameObject"
		}],
	"components": [
		{
			"hideFlags": 3
		},
		{
			"background": {
				"r": 0.408,
				"g": 0.38,
				"b": 0.357
			},
			"ambientColor": {
				"r": 0.4,
				"g": 0.4,
				"b": 0.4
			},
			"__class__": "feng3d.Scene3D"
		},
		{
			"s_skyboxTexture": {
				"__class__": "feng3d.TextureCube",
				"assetId": "2BD4F7DD-DAED-4350-89C0-2B1D5D8D3B6D"
			},
			"__class__": "feng3d.SkyBox"
		}],
	"__class__": "feng3d.GameObject"
}