{
	"__class__": "feng3d.GameObject",
	"name": "terrain",
	"children": [
		{
			"__class__": "feng3d.GameObject",
			"name": "Main Camera",
			"components": [
				null,
				{
					"__class__": "feng3d.Transform",
					"y": 1,
					"z": -10
				},
				{
					"__class__": "feng3d.Camera",
					"lens": {
						"__class__": "feng3d.PerspectiveLens",
						"near": 0.1,
						"aspectRatio": 1.1085714285714285
					}
				},
				{
					"__class__": "feng3d.FPSController"
				}]
		},
		{
			"__class__": "feng3d.GameObject",
			"name": "DirectionalLight",
			"children": [
				null,
				null],
			"components": [
				null,
				{
					"__class__": "feng3d.Transform",
					"y": 3,
					"rx": 50,
					"ry": -30
				},
				{
					"__class__": "feng3d.DirectionalLight",
					"lightType": 1,
					"intensity": 0.5
				},
				null]
		},
		{
			"__class__": "feng3d.GameObject",
			"name": "Terrain",
			"components": [
				null,
				{
					"__class__": "feng3d.Transform"
				},
				{
					"__class__": "feng3d.Terrain",
					"geometry": {
						"__class__": "feng3d.TerrainGeometry",
						"heightMapUrl": "Assets/terrain/terrain_heights.jpg"
					},
					"material": {
						"__class__": "feng3d.Material",
						"shaderName": "terrain",
						"uniforms": {
							"__class__": "feng3d.TerrainUniforms",
							"s_diffuse": {
								"url": "Assets/terrain/terrain_diffuse.jpg"
							},
							"s_normal": {
								"url": "Assets/terrain/terrain_normals.jpg"
							},
							"s_splatTexture1": {
								"url": "Assets/terrain/beach.jpg"
							},
							"s_splatTexture2": {
								"url": "Assets/terrain/grass.jpg"
							},
							"s_splatTexture3": {
								"url": "Assets/terrain/rock.jpg"
							},
							"s_blendTexture": {
								"url": "Assets/terrain/terrain_splats.png"
							},
							"u_splatRepeats": {
								"y": 50,
								"z": 50,
								"w": 50
							}
						}
					}
				}]
		},
		null],
	"components": [
		null,
		{
			"__class__": "feng3d.Transform"
		},
		{
			"__class__": "feng3d.Scene3D",
			"background": {
				"r": 0.408,
				"g": 0.38,
				"b": 0.357
			},
			"ambientColor": {
				"r": 0.4,
				"g": 0.4,
				"b": 0.4
			}
		},
		{
			"__class__": "feng3d.SkyBox",
			"texture": {
				"positive_x_url": "Assets/px.jpg",
				"positive_y_url": "Assets/py.jpg",
				"positive_z_url": "Assets/pz.jpg",
				"negative_x_url": "Assets/nx.jpg",
				"negative_y_url": "Assets/ny.jpg",
				"negative_z_url": "Assets/nz.jpg"
			}
		}]
}