{
	"hideFlags": 64,
	"name": "Untitled",
	"children": [
		{
			"name": "Main Camera",
			"components": [
				{
					"y": 5,
					"rx": 15
				},
				{
					"__class__": "feng3d.Camera"
				},
				{
					"__class__": "feng3d.AudioListener"
				}],
			"__class__": "feng3d.GameObject"
		},
		{
			"name": "DirectionalLight",
			"components": [
				{
					"y": 3,
					"rx": 50,
					"ry": -30
				},
				{
					"shadowType": 1,
					"__class__": "feng3d.DirectionalLight"
				}],
			"__class__": "feng3d.GameObject"
		},
		{
			"name": "Terrain",
			"components": [
				{
					"sx": 10,
					"sy": 10,
					"sz": 10
				},
				{
					"geometry": {
						"__class__": "feng3d.TerrainGeometry",
						"assetId": "43E326F9-51D7-489B-955E-DD7E12B7334A"
					},
					"material": {
						"__class__": "feng3d.Material",
						"assetId": "6005DB8E-6E66-45F7-8240-41448B060A99"
					},
					"__class__": "feng3d.Terrain"
				}],
			"__class__": "feng3d.GameObject"
		},
		{
			"name": "Water",
			"components": [
				{
					"y": 2.303,
					"sx": 10,
					"sy": 10,
					"sz": 10
				},
				{
					"material": {
						"__class__": "feng3d.Material",
						"assetId": "C052FDC5-DFF7-4435-89A9-5F0E4E7292A3"
					},
					"__class__": "feng3d.Water"
				}],
			"__class__": "feng3d.GameObject"
		}],
	"components": [
		{
			"hideFlags": 3
		},
		{
			"background": {
				"r": 0.2784,
				"g": 0.2784,
				"b": 0.2784
			},
			"ambientColor": {
				"r": 0.4,
				"g": 0.4,
				"b": 0.4
			},
			"__class__": "feng3d.Scene"
		},
		{
			"__class__": "CANNON.PhysicsWorld"
		}],
	"__class__": "feng3d.GameObject"
}