[
	{
		"assetPath": "Assets",
		"assetId": "56F285E3-D7AB-4E9F-99DF-60D7C32E69B9",
		"__class__": "feng3d.FolderAsset"
	},
	{
		"assetPath": "Assets/ny.jpg",
		"assetId": "A145DFE4-5DDD-47E4-A1A2-52C76531AC31",
		"__class__": "feng3d.TextureAsset"
	},
	{
		"assetPath": "Assets/nz.jpg",
		"assetId": "D57B647C-1B83-4B18-B1D9-61BAEDB45839",
		"__class__": "feng3d.TextureAsset"
	},
	{
		"assetPath": "Assets/px.jpg",
		"assetId": "C4CA3670-30DC-48F1-8774-77CEC07ECCFD",
		"__class__": "feng3d.TextureAsset"
	},
	{
		"assetPath": "Assets/py.jpg",
		"assetId": "26A21B02-EE3A-458D-860E-DF939229CED4",
		"__class__": "feng3d.TextureAsset"
	},
	{
		"assetPath": "Assets/pz.jpg",
		"assetId": "BC4BE7A4-E7F8-4EE0-9A65-C5F4E3AB1CC4",
		"__class__": "feng3d.TextureAsset"
	},
	{
		"assetPath": "Assets/waternormals.jpg",
		"assetId": "60B75005-78BF-4A65-80DB-A40992F3B7F5",
		"__class__": "feng3d.TextureAsset"
	},
	{
		"assetPath": "Assets/nx.jpg",
		"assetId": "C81EE7F2-B78A-4815-AD4E-2D19F5122E12",
		"__class__": "feng3d.TextureAsset"
	},
	{
		"assetPath": "Assets/new TextureCube.json",
		"assetId": "54E9CAA6-2DF9-4AF7-81AC-97089A2180AE",
		"__class__": "feng3d.TextureCubeAsset"
	},
	{
		"assetPath": "Assets/New Material.json",
		"assetId": "C052FDC5-DFF7-4435-89A9-5F0E4E7292A3",
		"__class__": "feng3d.MaterialAsset"
	},
	{
		"assetPath": "Assets/NewFolder",
		"assetId": "9BA4E421-C73E-4B82-89E8-A007AB06524C",
		"__class__": "feng3d.FolderAsset"
	},
	{
		"assetPath": "Assets/NewFolder/terrain_diffuse.jpg",
		"assetId": "CCBE9453-B382-4D6D-9E8F-CC97F2D76B88",
		"__class__": "feng3d.TextureAsset"
	},
	{
		"assetPath": "Assets/NewFolder/terrain_heights.jpg",
		"assetId": "155D38CC-902D-4B05-8C90-CBB96B80056C",
		"__class__": "feng3d.TextureAsset"
	},
	{
		"assetPath": "Assets/NewFolder/terrain_normals.jpg",
		"assetId": "E6218DC0-AA19-41AB-BF37-76231030E366",
		"__class__": "feng3d.TextureAsset"
	},
	{
		"assetPath": "Assets/NewFolder/terrain_splats.png",
		"assetId": "004D1823-7D69-47A7-98F0-423EF9FA2C13",
		"__class__": "feng3d.TextureAsset"
	},
	{
		"assetPath": "Assets/NewFolder/beach.jpg",
		"assetId": "E7010B0A-5C90-4372-9B4B-8B4AE1C1261F",
		"__class__": "feng3d.TextureAsset"
	},
	{
		"assetPath": "Assets/NewFolder/grass.jpg",
		"assetId": "7A893160-3A79-4CD4-8132-A88E37FC698F",
		"__class__": "feng3d.TextureAsset"
	},
	{
		"assetPath": "Assets/NewFolder/rock.jpg",
		"assetId": "276632EF-95B2-400B-BFE2-113ACDF07E08",
		"__class__": "feng3d.TextureAsset"
	},
	{
		"assetPath": "Assets/NewFolder/New TerrainGeometry.json",
		"assetId": "43E326F9-51D7-489B-955E-DD7E12B7334A",
		"__class__": "feng3d.GeometryAsset"
	},
	{
		"assetPath": "Assets/NewFolder/New Material.json",
		"assetId": "6005DB8E-6E66-45F7-8240-41448B060A99",
		"__class__": "feng3d.MaterialAsset"
	}]