{
	"assetId": "A27AB981-567F-4193-98AD-D376274F8247",
	"assetPath": "Assets",
	"childrenAssets": [
		{
			"assetId": "E6C76BC2-194C-456B-9F28-CD57ACBA6F49",
			"assetPath": "Assets/nx.jpg",
			"__class__": "feng3d.TextureAsset"
		},
		{
			"assetId": "C98E6AA3-ED7C-40B9-B59E-0B7D756C4ABB",
			"assetPath": "Assets/ny.jpg",
			"__class__": "feng3d.TextureAsset"
		},
		{
			"assetId": "BA1A79FA-6AE5-4665-8255-7D96D3E7741D",
			"assetPath": "Assets/nz.jpg",
			"__class__": "feng3d.TextureAsset"
		},
		{
			"assetId": "396E33C7-59B2-4D58-B5AD-CA57BC4886CC",
			"assetPath": "Assets/px.jpg",
			"__class__": "feng3d.TextureAsset"
		},
		{
			"assetId": "EDAB9A5A-6D3E-469A-8B2D-B5965E44A5F2",
			"assetPath": "Assets/py.jpg",
			"__class__": "feng3d.TextureAsset"
		},
		{
			"assetId": "6552CD87-9503-45FD-B6A4-7F0B99F54431",
			"assetPath": "Assets/pz.jpg",
			"__class__": "feng3d.TextureAsset"
		},
		{
			"assetId": "CE6B6F06-03CB-4751-BF45-6F65C828E767",
			"assetPath": "Assets/NewFolder",
			"childrenAssets": [
				{
					"assetId": "C9A85CA2-F9F3-4107-B1B8-2CD9D56BEDDD",
					"assetPath": "Assets/NewFolder/terrain_diffuse.jpg",
					"__class__": "feng3d.TextureAsset"
				},
				{
					"assetId": "57076730-548B-4036-92C2-0947EEF61ADB",
					"assetPath": "Assets/NewFolder/terrain_heights.jpg",
					"__class__": "feng3d.TextureAsset"
				},
				{
					"assetId": "B1EC0EDF-39F3-47A6-9DBE-212B24D462F9",
					"assetPath": "Assets/NewFolder/terrain_normals.jpg",
					"__class__": "feng3d.TextureAsset"
				},
				{
					"assetId": "1537F867-DCF4-4552-BE4E-82FC5ECCB44C",
					"assetPath": "Assets/NewFolder/terrain_splats.png",
					"__class__": "feng3d.TextureAsset"
				},
				{
					"assetId": "7BA69483-ADCF-47B6-96E2-EC8A678A855C",
					"assetPath": "Assets/NewFolder/beach.jpg",
					"__class__": "feng3d.TextureAsset"
				},
				{
					"assetId": "B267C281-A38C-496A-9FA2-CD03371AF1C9",
					"assetPath": "Assets/NewFolder/grass.jpg",
					"__class__": "feng3d.TextureAsset"
				},
				{
					"assetId": "412C5852-2297-41FE-8D8A-C328E11C2F46",
					"assetPath": "Assets/NewFolder/rock.jpg",
					"__class__": "feng3d.TextureAsset"
				},
				{
					"assetId": "8CD95407-2D9C-4B13-B089-B6084FD6AB71",
					"assetPath": "Assets/NewFolder/New TerrainGeometry.json",
					"__class__": "feng3d.GeometryAsset"
				},
				{
					"assetId": "043BA48F-2816-466E-9BBF-D5E6576019E8",
					"assetPath": "Assets/NewFolder/New Material.json",
					"__class__": "feng3d.MaterialAsset"
				}],
			"__class__": "feng3d.FolderAsset"
		},
		{
			"assetId": "2BD4F7DD-DAED-4350-89C0-2B1D5D8D3B6D",
			"assetPath": "Assets/new TextureCube.json",
			"__class__": "feng3d.TextureCubeAsset"
		},
		{
			"assetId": "D2F63351-9289-4D9F-B3A0-E8E324AFF5F6",
			"assetPath": "Assets/New Material.json",
			"__class__": "feng3d.MaterialAsset"
		},
		{
			"assetId": "26FCC75A-97F1-4881-B0CC-750CD3CC540E",
			"assetPath": "Assets/waternormals.jpg",
			"__class__": "feng3d.TextureAsset"
		}],
	"__class__": "feng3d.FolderAsset"
}